id,time,activity,appCat.builtin,appCat.communication,appCat.entertainment,appCat.finance,appCat.game,appCat.office,appCat.other,appCat.social,appCat.travel,appCat.unknown,appCat.utilities,appCat.weather,call,circumplex.arousal,circumplex.valence,mood,screen,sms
0,2014-02-01,8.976107634109711,0.0013800659488484033,0.0024757024041450085,0.00015261627887592133,0.0008785671491913953,0.004099330944039493,0.004421122674439866,4.491198546762005e-05,0.0005005293387825495,0.004515492017671926,0.0006310454631747239,0.027361199042991738,0.007813221779970578,0.043474026385440304,-1.3561100302941478,-1.069608962225299,3.5936487459151722,0.00014303934390306068,1.6143867645178993
0,2014-02-02,6.223426943123014,0.0001843927543870453,0.00326933688030219,0.006747050903077868,0.060266030763174404,0.0032912675989366087,0.001105499984229888,0.013706132884919921,8.180003885841197e-05,0.0026008642721477536,0.001187922806567436,0.01701359669504266,0.002380160164249329,0.14025117132356704,-1.6648517073572568,-0.47525268990762204,3.4538156253455776,5.1190624095635905e-05,1.309850260102509
0,2014-02-03,1.156313707464868,0.00015503003745821783,0.004363164657832363,0.007647680615867352,0.0075183134130805875,0.001331403862451684,0.0008263253041084633,0.00995252478924045,0.0004639935890369026,0.004652804878479015,0.003981716782907909,0.010341740295358861,0.005280937307673055,0.9748670232428519,-1.6860888659117246,3.6409603564963726,3.05596171008589,0.00020652205913159792,0.18622594773041856
0,2014-02-04,1.1561188907118622,0.00015652289592873637,0.011019684348944486,0.0037490032594792665,0.027271996828896736,0.003725713925418416,0.0019603311199657453,0.010589752918152015,0.000489935519308144,0.002149209354588305,0.0004794563098797752,0.021142408659930122,0.01137200415585801,0.13292217811573886,-1.964807763077213,-0.9306096879735692,4.066637898308581,3.819087824727978e-05,0.6733998741493568
0,2014-02-05,0.40791417079015774,0.00028023723169404456,0.0015959564482808974,0.0008242700155112042,0.009378418236174337,0.00013540556332382268,0.0003805827843698996,0.011964923891857387,0.001629167672880158,0.0023350327278679303,0.0008833408870761793,0.016777408532197013,0.0347826786784118,0.2490531098187673,-1.1193699698979436,0.03513935412301539,3.2287515368866893,0.0002340460303144431,1.0608749442424894
0,2014-02-06,13.71033511262616,0.0005747047072697713,0.005173513931744619,0.00023319320122230642,0.018430898184151213,0.00031877939563132034,0.004060142719014366,0.0006239450538747694,0.0012642063989509295,0.0017609188347182936,0.002355571041262418,0.0021280866484734958,0.04024384458678319,0.413385709647264,-1.345940934256928,0.4024567444476643,3.122079640646377,9.746007666038444e-05,0.5057117844226985
0,2014-02-07,6.265279906353406,0.0004368929362920825,0.006430838903298274,0.0026154958480076895,0.019864798823641346,6.76359030149576e-05,0.00019411679666103633,0.0036002506400596174,0.00271834245528039,8.128108009152629e-05,0.0004344204964202048,0.02299016088213149,0.00014241927764293403,0.15389325687187563,-1.9505128686283386,-0.9373072042649705,3.0246189713383598,0.0005501964062658612,0.4708464998969317
0,2014-02-08,8.393293505754045,0.00026592172784061283,0.00034080651404013926,0.0013161779968559736,0.005131466497123426,0.0005751030160730714,0.010859260007137075,0.0009988253253025883,0.0007960586915820165,0.0003604060081946212,0.0001339424546688826,0.007987970398647027,0.014593775044752027,1.214803217035611,-1.6941637218153676,0.25132842617164997,3.528561899810623,2.9488531130208922e-05,0.17283593584069804
0,2014-02-09,0.14178654863307003,0.0007310975251777485,0.006701887838489732,0.0002953046212710688,0.08769189096506537,0.0007191932363405843,0.0037068658378704706,0.016128233935853078,0.00015866261050250294,0.00010080887411061657,0.0005720931886938386,0.016977126888823874,0.011029361107053165,1.1174948770214101,0.2368106613270622,-0.721584050059453,3.6693534995843464,8.314354343859698e-05,0.0610039337799639
0,2014-02-10,23.883358155995506,0.00011606030487412491,0.0013396226939855378,0.0015509119528112766,0.03746494264703591,0.0004626175901888259,0.000555069948680634,0.007918420845337898,0.0015559858852538613,0.003193847774626316,0.0002939693548835224,0.02333467364912905,0.005127433032286359,0.09876326536309131,-1.7435705906327554,-0.09698833051480249,3.0098919677786893,2.4007158947079574e-05,1.4202082052612521
1,2014-02-01,6.7854885969188325,0.0017318322443232882,0.021453177729246833,0.0016808963814511119,0.013110531102197157,5.472729226236708e-05,0.0011186595948801065,0.040919664879085826,0.0021444439984579745,0.006552616171894576,0.0005462517318782523,0.0320834571309547,0.0887207683125975,2.5359893936918056,-1.8939884315027349,0.15835528273229493,3.104044400640511,0.0013599792102243849,0.11082589602889759
1,2014-02-02,7.0398520205466095,1.7159839990404754e-05,0.004665127333667435,0.00152565821211469,0.07736383805328281,0.009259301687728675,0.00490147251812073,0.026323606993812514,0.0020848240609759503,0.00027779563201174774,0.0029692666752453925,0.09225345163733632,0.05843380287312653,1.0960685910960326,-1.9063982746265027,1.4006158593483673,4.462081042007254,0.0002338060485321075,0.5765034485496553
1,2014-02-03,21.213994573995013,0.0001987151600848897,0.006780634681026599,0.019703773676415275,0.019892440304687172,0.0019637002727696975,0.016572171927815724,0.023282628519487314,0.004794274400460948,0.004755441416910068,0.005907744473394738,0.017994316317970722,0.02580789178577809,0.6615866548007197,2.353978344219078,1.5429985598156009,3.038200102435193,0.0015569060708303,2.796587494162775
1,2014-02-04,37.26842580482629,0.002022797625390885,0.023639811913963863,0.0027239688277312327,0.0014857873367836066,0.011948071314628448,0.0071728322519878955,0.023637756769843737,0.0031435344646620644,0.0059369850331118254,0.0009772946306515831,0.009662982129403625,0.009339774486550044,0.7743844724084142,0.7378125215766858,-1.121552388553395,4.253022779386162,0.00112970787820512,0.03533691142665837
1,2014-02-05,35.744897800861075,9.42426890457354e-06,0.018065857312705397,0.01214228437874499,0.06258876263699849,0.011642042646769324,0.005084435707870365,0.008686420623885971,0.0036251677004361465,0.0025623444335183903,0.003920223445294414,0.03928556817876967,0.0083491055745381,0.4453286526415044,-0.5530628608105603,0.05043641087708983,7.0053279215881465,0.00010441194830117443,2.5279694760205373
1,2014-02-06,24.804602262568654,0.0003255973770737065,0.032590257376022086,0.005440079684960404,0.011765687760354634,0.006736295514581238,0.0006157624696600282,0.006776930084073366,0.004757349075785509,0.006781950244382223,0.0003586137529788778,0.007825417422940866,0.014134622192952015,0.23301287976274113,-1.7682393287992413,1.4737646084645348,4.2180985027240725,3.4445587431342196e-05,0.4968558866177318
1,2014-02-07,16.83580185200197,0.0014777738677727238,0.018462728250713736,0.008639164261156847,0.17027330602181517,0.0012253439929292864,0.005749531009972726,0.03231627288261137,0.006610147027475324,0.00023507574187623585,0.00021331301086926366,0.014319900675501991,0.03910451589892462,0.36017878859048297,-0.4771275190019171,0.6878089631399671,3.6984884443819737,5.090126002489806e-05,0.1887127976409685
1,2014-02-08,1.4403896464163115,0.0021865156141745536,0.014470346564839883,0.0038096990074801248,0.18575373328516923,0.0017084741534301004,0.027771357493202104,0.03239336383786961,0.0012352377830636056,0.00028887126369575003,0.003046670043955475,0.002024296606938644,0.061535824388142375,1.1608695855103652,-0.5560663455220329,4.128541855087145,4.46554008432312,8.812101735396562e-06,1.7905644579356448
1,2014-02-09,2.889149781704869,0.001960170998113338,0.001694268691295729,0.00469182324281722,0.148691105712166,0.006691816253385419,0.0009090567530583221,0.039346945490335815,0.0014102878202919048,0.013124382279753663,0.003127072812575827,0.0006361788216111801,0.05297381085008266,0.011867575249823332,-1.5718631155442095,1.7282359647692638,3.8714473062343266,4.7537247787142397e-05,1.48778953386221
1,2014-02-10,37.50004310663482,0.00047163691526019803,0.007896539256488842,0.0036998326538589424,0.02790247547645163,0.0013390690696149777,0.004400073727688547,0.04766627951006651,0.00029555945789045253,0.0033892201905046304,0.004078274692689318,0.08144689179089322,0.01611766217898416,0.10099448461160807,-0.7193823736771379,-0.757255585980358,4.121467411598944,0.0005505200652930388,3.1505865141635674
2,2014-02-01,4.432849014789,0.0029638481490196554,0.0069326393487362985,0.001545281377346772,0.028704695239900675,0.00021667482621503436,0.0209908869003873,0.00018175994778884782,0.000822575020778645,0.0004749603531968001,0.00015263477826664348,0.017722894309504425,0.09688982620601767,0.3156446928594891,-1.0153081351181672,3.035513977300668,3.139902343871962,5.628724371264056e-05,0.6100867519726391
2,2014-02-02,2.613324828558501,0.0008495885350718309,0.0001532361046060424,0.0017744469516747566,0.10774294742023734,0.004948030366746713,0.0068837391782923096,0.010065752681490242,0.0049615783666585945,0.005000498441132728,0.0010824315006070233,0.001636733119406984,0.06927258903855046,1.1117266075133554,-1.4130661841697196,-0.6073162029609563,4.292302810248513,1.1424654374455275e-05,0.7048345859484836
2,2014-02-03,18.579892133437905,0.002107135435885158,0.03315801977301317,0.004970953334502126,0.021295710904575653,0.0035134394154480637,0.0023210738159951958,0.0009224490806951917,0.0006187164039615826,0.021582708330963943,0.009858091899954768,0.07412743789742374,0.11986473756446613,2.9164113853384466,-1.8933651477945148,0.10440080330642365,3.852617133624704,0.00055042401249553,2.872978035803831
2,2014-02-04,21.99754352695809,0.0021296477834918575,0.0013461393038814804,0.006215621578963877,0.006134879031465349,0.00024335592221850244,0.00042875994044265487,0.0020134708364841756,0.008074613635042577,0.004587466734683095,0.00725140357826814,0.08664541189990173,0.051828561613210915,0.10893051874317988,1.676138326962029,-0.9372072671738965,4.7175210562579375,0.0003788260700637412,0.5244763927343988
2,2014-02-05,62.30513052726947,0.00016501504866865604,0.005409183303335599,0.006983124224532387,0.007603320040166314,0.0002542694335950701,0.007382075701968734,0.001990154872995842,2.9896422713142975e-05,0.006149890704710046,0.001995824099625836,0.024227979990936573,0.03807817007913833,0.602573906928029,1.0801634890183425,5.716717888766967,3.852268287753156,0.00047633609085640866,0.8839535925262485
2,2014-02-06,7.11858252103855,0.0035302952654868644,0.04214485856545274,0.006941424919278477,0.07063052858351965,0.012377228786313579,0.004019214911525036,0.016675087263926275,0.00856271991897381,0.007372107600325566,0.003176426577030589,0.015535144870292393,0.02170344374934014,0.320406575416086,13.018320290046525,0.8576131181786724,5.218873975630418,9.368229017062963e-05,1.875499143625816
2,2014-02-07,6.224404600296731,0.0010669328641801131,0.04229922459440191,0.00042586827587808306,0.047445994000380624,0.0013446798154642442,0.002714518281477434,0.021817035375655606,0.00010785887920177543,0.003755302449694405,0.0010661239305679196,0.007491287150913042,0.10813683244089824,2.3413406402270387,8.465341337540304,-0.6628394417884856,3.9317073287163056,5.7353072951334086e-05,0.6187829655311529
2,2014-02-08,20.040831619552577,0.0026552996648879484,0.01198119326394109,0.003037145122921519,0.005253013278420413,0.0013280954543277153,0.011645359979833403,0.013936976171258896,0.0054217215632557485,0.006119197160431178,0.0006839114871529041,0.033998007482694964,0.08054686364452032,1.2335248619632913,-0.5102837190895202,1.269211821475945,3.955338464544118,5.731481923408226e-06,1.1921510523890197
2,2014-02-09,5.57539585526759,0.0005848364683395573,0.014051651142545382,0.0002639795500559096,0.004328972859605207,0.004805741919871123,0.0005796535839896415,0.05212666395844343,0.0018338949830455022,0.005438625072634356,0.002044666142725958,0.02334745581520572,0.0018539366330255131,1.2176719449705902,0.6927179264652485,0.9273266501714774,5.4289362320660715,0.00016887088311617868,2.429582104938222
2,2014-02-10,35.723237537872315,0.0034246869165772227,0.008367380688399328,0.0035510698310666743,0.05948371383399613,0.008438464438871246,0.0033364202962480015,0.007478174250736686,0.012118089593764963,0.014337973978266591,0.0014306510394743945,0.0035895799225525694,0.0010705760795645565,0.42260943090503994,3.3222298549144202,-0.24709063980081436,3.5996407584816614,0.0003487039703411044,3.6584368427110268
3,2014-02-01,1.8135655383333806,4.156511090636334e-05,0.000600853349813082,0.0006236715031786319,0.016177532619842405,2.1446623660221798e-05,0.0003086114659797975,0.004957905367721539,0.0005078396813118796,0.00025596966526551405,0.0022909043869189893,0.005938614525029206,0.001344047551437464,0.03929386715064342,-1.9511978783338213,-1.1480985444314527,3.1342877363672272,0.00018545839864176207,0.5498840493361653
3,2014-02-02,0.7996665700677473,4.998060390605254e-05,0.00011740491859547119,0.001044604106156693,0.013598706991037027,0.00016695518686389896,0.0004660193710538177,0.002197671632046965,0.00041370770346444135,0.00041602106873445105,0.0013172928425525764,0.0008380090652640216,0.005259652473237244,0.15297531924492305,-1.5173962551942708,-1.1691253341329713,3.1098684338533418,7.660978598897143e-05,0.3809178677387411
3,2014-02-03,1.6451500652064066,4.5339334943238436e-05,0.0005206546747653292,3.573230816534703e-05,0.00201097958358996,0.0007170260935817526,1.9948088138056345e-05,0.00028960628488011877,0.0002153237922030022,0.00023602515976188791,0.0011153362141041547,0.0015826652805464236,0.0060967594542575,0.1909369730804798,-0.9755864119668207,-1.168795229924961,3.14424681994264,9.729998865583451e-06,0.04032051838932278
3,2014-02-04,10.476217346790008,0.0003106601717998692,0.0009187854349364476,0.001431310369942099,0.0023158055102678434,0.001294481105726432,0.00038245020123067454,0.002453167544148368,0.0021063429474948428,0.002814850962266014,0.00019584637786541358,0.002242527919253156,0.0004265835293919302,0.12106107490890666,-1.9264795075882986,-0.4874338292565017,3.083285066962639,0.00021998456864908447,0.09156857463085503
3,2014-02-05,1.8162116244492714,6.0897245396035886e-05,0.000548128285678953,0.0008807902089409491,0.004562472235298856,0.0004113266657343203,0.00023372243522489417,0.002815174051235139,0.0004553098944900911,0.00010367584093634355,0.00012304587857329957,0.0028671170886757857,0.003289749726585958,0.08528345179404764,-1.9746995677137191,-0.754831357630436,3.319716997701731,7.733593778420854e-05,0.07002404199274677
3,2014-02-06,1.0670307475083678,0.00012866443196090705,0.00026134653480993855,7.599419324127715e-05,0.00653300957006434,0.0004358591543874427,0.0003903451440808929,0.004357582904861653,0.00013245708649694483,0.0009215429410685753,0.000725249973868511,0.0011234504955654442,0.001157144576149887,0.0709639992386555,-1.5031147621422019,-0.9149548643200671,3.162230444038703,3.192021758896814e-05,0.33394702194255704
3,2014-02-07,2.6861707076183747,0.0006889094807445736,0.0003617095606717946,0.0018426101753922465,0.009493972548517506,6.505287418525318e-05,0.00012550405681187836,0.001799558082376879,5.2506015220159987e-05,0.0006548939578905485,0.001740233594597524,0.0004936453736314975,0.0005248439378946236,0.05736444713717364,-1.6858410642561115,-1.0488661985126375,3.0613627402787964,1.1738557726237889e-05,0.00836052435469688
3,2014-02-08,0.7351360597553097,0.00019486900085523794,0.0017377801692817602,0.002260073941908466,0.004538096068254584,0.00034037771129056486,0.002176373843893348,0.0004346849974624688,8.114299805567726e-05,0.005006349677981061,0.0005342400246476164,0.0038169671883424715,0.03688451659669995,0.3546551376101848,-1.321962889310452,-0.3009449338687985,3.5337234347863036,0.00012366536051703676,0.2068131494078803
3,2014-02-09,0.21118999102993474,0.00033408064071436606,0.0006502078597397615,5.615035782207138e-05,0.006121196178535592,0.00043647736556712654,0.0008858651207176293,0.0010629868977726589,0.00013808825067730684,0.00014729981499064112,0.000556614955434904,0.0013782015214218088,0.003119375094140196,0.23740428428639831,-1.9446421865432322,-1.0244966440328505,3.112472139904929,7.574696286315001e-05,0.3523423978777345
3,2014-02-10,0.36933738227129825,5.737292515875446e-05,0.0012745210506106429,0.0002888262308117876,0.013567865935904408,0.00015935516663104348,0.0011182861160346142,0.0014367390232605866,8.568056784443001e-05,0.0006288031445308603,0.00021567555774825546,0.003522574223276934,0.013307590335951048,0.4483302943276627,-1.4168352231066401,-0.48246528871243854,3.1821270631234766,5.967348185678283e-05,0.5132049070771579
4,2014-02-01,0.7299748639817444,0.0008354064750125843,0.001089424791491931,0.002545593677606461,0.0960604878552634,0.002167363270677567,0.0005821238684382434,9.764114467190427e-05,7.899340569119648e-05,0.004307573423537961,0.0007136609175627003,0.002473273745983052,0.023886343101682916,0.0724747703665166,-1.2368859590518348,0.8851215783171131,3.081059557312318,5.83066045070596e-05,0.5231477383659234
4,2014-02-02,11.666160577584622,0.0005520935895775304,0.005774972260928064,0.0003429854925539013,0.0418649053171031,6.196915035640878e-06,0.0013782511299075925,0.008069026539451888,0.0015770184265822655,0.0017410023938120272,0.0004821829261296584,0.010489557442573511,0.03609416763880654,0.008362510284946388,-1.7331234614977884,-0.5465532705441842,3.972981544564367,0.00014706491355294385,0.6235775297102789
4,2014-02-03,0.8491163710647733,0.00020467690105249763,0.004613687134200914,0.0017794784233513678,0.003053123570325364,0.0005415230409215384,0.0003474217345805466,0.0014523534014500505,0.00026804725428514827,0.002142704554957716,0.0015773210971468624,0.00018738052837746546,0.033062722101280195,0.06225981223973917,-1.1631292895397176,1.1177735465963279,5.24727408867276,0.0001918584141147862,0.10993482791270785
4,2014-02-04,3.1523772326207404,0.00029929465807906777,0.006186606113451958,0.0019339026688108738,0.058159192908397175,0.0006777523283034469,0.00044407052282764454,0.0240455438589435,0.002597745776673216,0.0016756877617562294,0.0008025243130456477,0.001034785863904424,0.009437157217672845,0.27203856040987656,-1.5496185568658571,0.44326724179968124,3.4028793331355858,0.00032230507549939135,1.401514375431349
4,2014-02-05,9.936925896193612,0.00014139888570000045,0.00011960460044042828,0.0011436430807783798,0.04676531895932833,0.0010289293093651254,0.001578726279448717,0.001192254438213951,0.00026120506637397167,0.0014765038638523606,3.927048379130677e-05,0.015145072003764628,0.02056342189393875,0.1701658660551604,-1.3132132773148086,-0.6671383609877128,3.1017359386420806,4.208997880409687e-05,0.30936142097881264
4,2014-02-06,1.0112580618165108,0.0016869514565846482,0.013459596125700687,0.002763376362707589,0.016774949717973553,0.003368787242420664,0.0012423072961361703,0.003966858407194626,0.00024070538886268459,0.0023647310426784082,0.000259292435099668,0.0018512516827965267,0.004277099281306788,0.694072368233726,-1.5100316974087005,-1.226079971110533,3.1716943252494887,2.0128565239479694e-06,0.27543897842936177
4,2014-02-07,1.6212390179731822,0.0006178111637919362,0.017604061514183336,0.0056442437592911085,0.020516369832533736,0.0005675013943443861,0.005636950829469925,0.0006608708470847441,4.23618118278439e-05,0.0004864118653530218,0.001922253039304091,0.009955714980179706,0.006468666211412585,0.5288882077626205,-1.7017047362754896,-0.9206536413613973,3.0100258151130674,2.6798948272322437e-05,0.4171783464610109
4,2014-02-08,7.975932051127878,0.000361429664705154,0.005449530379450022,0.005383548496368982,0.011675481463324186,0.0005687418695093982,0.0010298503218277013,0.04272850686453873,0.0007267517625884038,0.0005789699806211011,0.0016427254808553447,0.002560689114545244,0.042261315840001826,0.13007590239320957,0.5359094910542632,-0.428911435031347,4.3270369325581,0.00041921516121058266,0.027426212803985394
4,2014-02-09,7.92645351356587,0.000437393578670317,0.007806490476914115,0.0012420556221765509,0.0012914118404883596,0.0017852282627069057,0.0019883791897369013,0.005167252827929339,0.0009466233050963608,0.00570579299502097,4.195179159988306e-05,0.0009858776766594709,0.00024401400198811816,0.09339648138166873,-0.7665776431743665,-0.19354911233951766,3.067667934568205,0.00037694902369932127,0.10368595014618609
4,2014-02-10,6.38080622494961,0.0020763939661900214,0.01673681775296012,0.00024904492405537575,0.009361779733683153,0.0008033510434420613,0.0022892746421223804,0.006702675391927741,7.732653745806674e-05,0.008421700005904934,0.00038331486740800523,0.0026225384160429785,0.0016666462655713123,0.14850695694475224,-1.8709030532638622,-0.9360692846990933,3.464100869327755,0.00016563541992613905,0.7637197908759089
5,2014-02-01,0.4242184979570447,0.00022524365085666432,0.00017854705582132639,0.00015932995172243574,0.011450881299040075,0.0009315474989941909,0.0014302755985807244,0.00046864703573302563,0.00010569702474077364,0.0019526357108312846,0.0005404972237168144,9.7976181758314e-05,0.0024395491987568257,0.07044075769868043,-1.5544767268363278,-1.185450730695792,3.259041313177411,3.724227681829104e-06,0.15638652194828218
5,2014-02-02,0.7431617852269516,4.132819589576582e-05,0.00012372724548525071,0.00044749356905741787,0.007313006948591809,1.2995340045342213e-05,0.0019621302724391544,0.00023036035948552846,0.00027075106564129574,0.0011189462379188964,0.00019993638540326253,4.1089838447455236e-05,0.009535634863828735,0.05410906140936064,-1.4560842579435205,-1.0538377309611826,3.216782705785388,1.0958442471519638e-05,0.1151030292715234
5,2014-02-03,0.5133603692626216,5.410279776615241e-06,0.0020633969050622538,0.00022461429186834955,0.009117859544749599,0.00039502231123725496,0.0015991697898620635,0.00014357491753268456,0.0005979384152597011,0.0043143705400775865,0.00020222279528477443,0.010024305038133681,0.013067564384815301,0.019738828187282436,-0.9070472813607817,-1.0210184943351546,3.1392210577200954,5.065855793207706e-05,0.04286875441529899
5,2014-02-04,0.6623963507711725,5.1946266009739376e-05,0.0010837274285892954,4.8177505892256664e-05,0.005967800894146432,0.0008378972148090501,0.00035607298062504224,0.002136675989032478,0.00026346669083218477,0.00030139530684288377,0.0004945207377581368,0.0012717711424285708,0.0028431104575636517,0.014619668213333426,-1.9604566609866976,-1.0289388056594293,3.1046420174235294,3.4891659077372275e-06,0.2910250960442134
5,2014-02-05,1.9132236702915193,0.00015439616950653208,0.0018470146166495302,0.0012502982084568407,0.006541227616825644,6.433939528683362e-05,0.001097146549314961,0.0007446786440718817,7.303372085433895e-05,0.0010171637482470494,0.0001008505494222329,0.0011050455666828675,0.004289094394576273,0.018748998005493758,-1.895553236388993,-1.2255563293573126,3.0118975014090923,8.394983265270086e-05,0.22033417369533545
5,2014-02-06,0.5313227392582283,9.016417969025292e-06,0.0009038699071770614,7.379827019502876e-05,0.01049974196637852,0.00027111746036809106,0.0010310215422183158,0.0023132118444466154,6.802699129523777e-06,0.00035873958754537337,4.3273379116063064e-05,0.0025934206395733655,0.0008248000271041822,0.015531032664267624,-1.7061054087867147,-0.7151652371781619,3.068637633527284,3.011687196089098e-05,0.14824640156927196
5,2014-02-07,1.2593087073185325,0.00011713954371617174,0.00044810840591322606,0.0015049979233627837,0.0015942411742903323,0.0007982511752945373,0.00021288146086510776,0.00012118860829672654,0.0005620350484781311,0.00045618902619470056,0.00016187570148024072,0.0005609657787747431,0.02134381215489595,0.11382865482646515,-1.7535093172703708,-1.1713536221743988,3.0609631878126504,2.8864060944019427e-05,0.2623345686888215
5,2014-02-08,0.9740594853312632,0.00015514217201328836,0.00270836521084998,0.00029623598289204623,0.0037309528233968217,1.1157234131232934e-05,0.0009779426390585072,0.0006791165455261295,5.92024673283716e-06,0.0006891699938378272,0.00012516594421500867,0.006823296663273447,0.00118933817036147,0.03244018999002543,-1.9654081893649313,-1.214662888728392,3.0393214042301815,3.954651915346e-05,0.2787031642645894
5,2014-02-09,1.6421186003319497,6.947905923861488e-05,0.002544734359423142,0.0001026894214146505,0.001387626712100039,0.00038619580599100054,2.0886989157508384e-05,0.0013903326859267809,0.0005719694940620028,0.0014438339034035877,0.00012989949359806333,0.0035162539705019084,0.01290711827377045,0.0044849033826590366,-1.6497796427688314,-0.6905464450044909,3.1680275525796207,7.672117444727795e-05,0.17004711854710156
5,2014-02-10,4.162195783059983,0.000251671066995681,0.0018793380337630192,0.0003915714571773528,0.024396295892120192,0.00011400816728187207,0.0005023808668374555,0.002804423139261175,0.0002072922049968456,0.0028894605722249293,9.834879341719136e-05,0.00021339035994639334,0.004733255257794838,0.26172540126536264,-1.9473875183170972,-0.45623430248065244,3.0895444694005736,1.883356432417386e-05,0.2503399578865018
6,2014-02-01,12.23665264902702,0.00025212793977797787,0.013411719910009674,0.00045696746052394376,0.002189050763593382,0.0018252145432947724,0.0055202411149871825,0.008220287292213939,0.002446321010360401,0.008414658512099353,0.003602600006963961,0.00022432043666823442,0.02489666316792152,0.2505887108904594,0.811465123920609,1.3996189792860392,3.6630321254361573,0.0013823064360139353,4.27856890876234
6,2014-02-02,17.736958858561497,0.0024507633260818415,0.010360930794406278,0.011696411512772242,0.09594319286146438,0.004004412297466334,0.0011638733051900373,0.015368979344673548,0.001066352996931784,0.005785116955374298,0.0017519970757753813,0.0014432941875143694,0.004214194159453221,0.46236847476592674,-1.6105818498994238,3.144507045526174,4.13611383543908,0.00015248866046020413,1.2214504893804514
6,2014-02-03,2.1922593626801796,0.00256732336807504,0.020193888624183025,0.0049197569347655176,0.16972382387673599,0.0031290356284524533,0.00040113183314253716,0.007654913552061667,0.004634105610573296,0.0008270912183057922,0.0006968673063920098,0.009564854302418888,0.01053538677637529,0.058314268218821304,-1.6803817233792475,1.4370194781926715,3.8230873353951322,7.462062594072136e-05,0.25872910609171834
6,2014-02-04,27.008052372509546,0.0010188144357426772,0.0015097397743494888,0.00029680999190287525,0.16222651360865464,0.0016067598404871362,0.005323641634611222,0.004840756495656715,0.0014868037437816377,0.00019438893189314372,0.0021064106439458606,0.012547513088138456,0.16412145391912789,0.27375621151524254,-1.8074127549213366,2.222583516339405,4.4484329292806395,0.0005787461867223281,1.3253675821495376
6,2014-02-05,26.08081095725929,9.216215361621751e-06,0.01909952527567605,0.0015128411324858576,0.06474886751130664,0.000870009963031685,0.004958773828002104,0.06243515919952503,0.00799843485609978,0.014910519034323262,0.00020664123159601017,0.017585896180866437,0.00584413793645544,0.02141037384563003,-0.23577363655887007,-0.3600634363809233,3.0937785986745028,0.00039902277018197274,0.08711113044486524
6,2014-02-06,0.3768161602648023,0.0004867199460050234,0.010398145056782302,0.005203711608498891,0.006515605811101826,0.015924394909346093,0.001489252670601633,0.007952158152110022,0.0004760258245242598,0.005636498353102648,0.0027158728024920913,0.006617864087821646,0.02626615122390731,0.05189041180962705,0.1373924704199161,2.369242872375195,3.0685541373679452,0.00025594423421816643,0.036189604694312226
6,2014-02-07,22.18544031997217,0.0013803854573016202,0.0439873748593826,0.0002946056111442508,0.06638537922020962,0.0015115835152046053,0.014058731818123019,0.03391158186461761,0.004708213343390913,0.00936041882257629,0.0009756554922848948,0.02278757429445403,0.03659949110193269,0.32065353472499303,-1.9440353315266314,-1.0707896443949592,3.312570540680216,0.0003008394431023017,0.34638612749696135
6,2014-02-08,1.7513773519573028,0.00571581916229756,0.0055821960135857525,0.0036872501197274814,0.0011638888063830659,0.0016338298480804458,0.0007640890005311227,0.003946680128279773,0.0034766781790551387,0.003861442817673284,0.004973694574059872,0.03774926188557458,0.04608372376094048,0.09028356304743547,2.7989420248849806,3.5830487002950795,3.191413502454683,0.0004714406864501511,0.7219472486252094
6,2014-02-09,5.181205685517266,0.0014374064346932755,0.013361365050558646,0.0017934646776769775,0.0010459639690545246,0.00048625238293725906,0.0026418772075480572,0.0036197498698126523,0.0034184884943617875,0.0007335334928173792,0.0011570517497617838,0.029045250355274502,0.031179948281547906,0.5315159922549886,-1.9069390233586567,0.452198809268469,5.2620492351523325,9.626880365889752e-05,2.3563142500926957
6,2014-02-10,17.272829223537794,0.0004327899717216706,0.03587525779795147,0.004098422655385207,0.01827990271182672,0.004310210823918798,0.013416785192196924,0.0004777151275557945,0.004321400608929551,0.0007862331830896711,0.0018912393037735288,0.0007758130274389435,0.0003732738489631242,0.7415127030979757,-0.6410624923167305,2.398092524620094,3.2725140211615784,0.0020818026370400915,1.5099129320044993
7,2014-02-01,5.738949225763414,0.0035381396250623812,0.01787669991761688,0.0026515599928270852,0.07392621995856553,0.0016334838734838005,0.00923619704325592,0.0006455559490998814,1.2232588572583326e-05,0.0023040761905823654,0.003911553602540109,0.023903218498418758,0.15301422222033892,1.1136937240173368,-1.063322608087391,0.9581092906148458,4.017794526742091,0.00041210216768931417,0.41504296253921114
7,2014-02-02,6.267995765639206,0.00083902432575407,0.03406149375530565,0.0032539723912854393,0.006983265424160523,0.0008287121505561743,0.008139205815052996,0.002094583282508602,0.007490988869993433,0.007635212108245264,0.006037547766618434,0.023064113090853464,0.021147723291516304,0.9700310062932289,0.20765150403018318,0.17297453931796314,3.894434158789961,0.0009023914567924551,0.45446680823789914
7,2014-02-03,59.39794305358655,0.0004965036753627418,0.002814210356445031,0.002002558938284745,0.1742799828853427,0.002782277025019445,0.004373826546374709,0.009679591875380823,0.0025175707834433026,0.0014113803192954877,0.009593890822637237,0.004964578477120078,0.0828263377140908,1.0793318217481067,-1.0865910323987271,-0.15835774097754163,4.097936825167971,0.00011028675069947751,2.0111044563519984
7,2014-02-04,0.5533599271225915,0.001374653732229986,0.003853495237547576,0.004043997570828249,0.0301078859635914,0.003555217378329633,0.010070976429058092,0.043685446820377345,0.005000350756004602,0.007005589904027973,0.003811903320186562,0.02197976328221227,0.06173538064087718,0.38618206928365634,-0.8943614228950656,3.298135283465842,4.697678326288416,0.001034677037898525,0.9589667391924342
7,2014-02-05,27.27403298758457,0.0037295170695484502,0.05049970470237649,0.0008033690829617473,0.013404948526418214,0.0005296560407330434,0.001145073707195111,0.006112044668774772,0.001498109119775934,0.021932440289215392,0.002279618135661078,0.010231356938965517,0.03388517842438301,1.1497354237823707,-1.4964252064197066,0.42293628060958954,4.966104900685108,2.4568790878837076e-05,0.46166723481228544
7,2014-02-06,11.68410764583007,0.0003623896647018451,0.002836638468140387,0.0022319335834856103,0.0038005191248114264,0.0005316652244495491,0.0005897130508694651,0.011382473786750145,0.0017904325911431024,0.0006172679768017631,0.0031895329653791426,0.021526371246882243,0.05429071527857589,0.08647194467196978,-1.132499471846394,0.24079341757483497,4.484965163588876,0.001076953036005492,1.1666245399368294
7,2014-02-07,7.804471824714802,0.0014942564750458202,0.027376890129941323,0.015689501328585896,0.009262009994992217,0.0001082679017592976,0.001561901412901739,0.0006829224169768776,0.001657662196533441,0.006989693934102722,0.006737044621238355,0.0023034136298801244,0.08533358030233092,0.5309241809301669,-1.5212790468329587,-1.1906370584275778,6.650361966700436,0.00017125552476001047,1.558831716866233
7,2014-02-08,17.46389802013555,0.0015295769897727045,0.009630853237126685,0.001343404431754089,0.03651765334995385,0.003863866209827232,0.0002920473788364386,0.0025825130647851723,0.0027151696304699253,0.0036716790057863408,0.0028030966568746434,0.02191754204704299,0.020959257843400612,0.0038994155171308735,-1.8588614591404355,-0.29611829069517615,3.021578569369198,4.226837157843373e-05,0.3940203445207384
7,2014-02-09,9.014112441067446,0.002023543989734127,0.004035185350721695,0.004810827313757238,0.020461137737861516,0.003158899429212487,0.0037636241123830115,0.06939519494482613,0.00037154927013666633,0.012682792597570337,0.00010231838580385256,0.15207966711519333,0.016033039406420705,0.26496338111158013,-0.2825847594392479,-0.15684714419921741,3.25550657451261,0.0002629538868218131,0.6605957772938534
7,2014-02-10,27.939963593326052,0.0002160996448517108,0.029070780036467066,0.0017696532687409455,0.08789198581109049,0.0018652496917979887,0.013704709653905002,0.053972219851248844,7.51706665895518e-05,0.0012205657664561846,0.008862679400458314,0.0010098081471441348,0.04458608574166764,0.3081790237870525,0.048498730309983085,-0.0871146590503522,3.008902649352229,0.0001172942499967182,0.16089370142555423
8,2014-02-01,0.6600895945278119,1.658324509822953e-05,0.006347858263018092,0.0010730094871849406,0.011343736820553584,0.0003950834156457845,0.00010851878193261025,0.00104423165417273,0.0004915913134951229,0.00015523876835748677,0.003955195905838253,0.007593255865070612,0.004994137257064185,0.020373172306684992,-1.9136891174651953,-0.7304934577327998,3.943870106892077,9.317405378871468e-05,1.2424726165147957
8,2014-02-02,2.4555863444011883,0.000374687581890155,0.007980472923697064,0.0006595870009267675,0.009607425509230761,0.0008937092874725484,0.0027218724078641615,0.003046247900657497,0.0007902915006288826,0.0009138203532321908,0.0021166838195961616,0.0061485929406160465,0.005852707193555648,0.2800782327876699,-1.4623110737173624,-0.4432662905653857,3.2280945180633642,0.00010126197909685598,0.08253122608581169
8,2014-02-03,4.070499319246297,0.001129959731589964,0.0015111794892121793,0.0009693817348816836,0.0032044770336830592,0.0008333826786276863,0.0002581510462051074,0.00831989910154592,0.00037707165478043347,0.0021547367395517558,0.0006279230338979672,0.00018357910941784283,0.009061764170849536,0.0788891614741682,-1.807619197773602,-1.142884266853775,3.9656722391987573,1.5897325534635124e-05,0.046326488923090985
8,2014-02-04,0.3726676564406297,0.00034387073563053107,0.000936827726376004,0.00020185198881107245,0.006020251056577727,0.0033498556031798087,0.00047337358167190874,0.004128059884813676,3.736950979557492e-05,0.0006520347833730327,0.001492398022186311,0.0018001540723816812,0.007158437184874075,0.3464108748618199,-0.318213830828455,-0.8607838741713407,3.1620364125718763,6.103521392397454e-06,0.039070414292615166
8,2014-02-05,2.762060886595176,0.0006390358769560551,0.005255539009362477,0.0014651354534990911,0.010959912047601965,9.712878306398938e-05,0.000311474146353999,0.0029865469861449067,0.0004977719347599443,0.0016693672904986364,0.0005951950221426036,0.0015218528134006094,0.024863260505364318,0.33354254396699434,-1.5360968432731452,-0.9665153052861523,3.1068874296848197,0.00014630158560942897,0.10910163571003845
8,2014-02-06,0.9774774332393865,0.0008055460431025546,0.0011135297928959716,0.0021797196522616393,0.008338566506132482,7.770497070122417e-05,0.0005313784475200605,0.0015379469211510895,0.001904540289464849,0.0024229778442886626,0.0007901769638209799,0.0022255580053297847,0.006784072567538838,0.26999695601393287,-1.217129041044351,-1.1617874508558943,3.2017928361680337,5.936690551526189e-05,0.03216101505619285
8,2014-02-07,10.863304114351116,9.672548761288808e-05,0.005993383142042828,0.00026807932530570133,0.053491195739415597,0.0009107857984053324,8.719149163181322e-05,0.001588597998631289,0.00011612017689490055,0.003999866754271379,7.54936720271355e-05,0.00045719185388725227,0.04786978347197976,0.257033255634225,-1.9356158036435678,-0.9946465915393949,3.1655934515559867,5.776876407602555e-06,0.3557107410210081
8,2014-02-08,2.1785815763163217,8.904347714443472e-05,0.001910175427280407,0.00011040763635550493,0.0017812650543607997,0.0006104504011916175,0.000887061003451127,0.004342938062396466,0.0007056158433886244,0.0004082898632353301,0.0011383627503029977,0.013776775664631405,0.018825637374256916,0.05984217209931655,-1.1030360324761757,-1.210644683611665,3.0319417312784354,0.0005082329322045611,0.01941814263609191
8,2014-02-09,5.406684315704698,0.0003527628401379947,0.00381646565778556,2.6252029726438998e-05,0.014424792281409159,0.0002264813697724355,8.483510663343149e-05,0.020161079617723263,0.00013514156914180047,0.0007781996489322269,0.000110502056079562,0.004022415944461736,0.0023088282442794727,0.01389602081598863,-0.8402812082393012,-1.2354239541658156,3.2928753668418302,5.737657644686905e-06,0.21501559855972183
8,2014-02-10,2.6343742588802326,0.00019779613731590843,0.00034798058643001605,0.0011271658707799985,0.006290636757596788,5.848918117825271e-05,0.0019524975174536798,0.004253202964629166,0.00046239782178749095,0.00025248333310458907,0.0014145321346625982,0.0018173209246475704,0.02634076895895709,0.084943394408933,-1.6976616719760587,-1.169057993547614,3.069617114283183,0.00011448489894415151,1.724807459105944
9,2014-02-01,5.417021200160593,0.0029507926488123257,0.011934057021943363,0.0029872934879667606,0.03356484471289594,0.00012444737973820518,0.0008860165885197357,0.05525940102290936,0.0029228918752105086,0.001579837654823304,0.014210505759264013,0.010425359123201493,0.01493977416799726,1.1085599873939116,1.4646029581145035,1.6742661617765648,3.134237890141302,0.0003499824029607421,0.4947761509746304
9,2014-02-02,14.487250440089177,0.0022208627607195716,0.0037735146463861503,0.009172470582655235,0.08387330684196556,0.0073693885818862,0.007281487178914343,0.023576017908773738,0.003913170052612817,0.000887826517413265,0.0033468411963400325,0.012671507500789905,0.07509027800741443,0.7899834467378098,-1.5112576394603954,3.9246320939858217,3.659726232214994,2.2712892396895765e-06,2.83904095041377
9,2014-02-03,11.092559354081068,0.0024623687939251035,0.00018989645017347158,0.0005090312982919201,0.12147862932025763,0.0019656870498437635,0.003909017601252556,0.007681567101170555,0.0008336558469121878,0.006548723729500361,0.0031734304824427915,0.012962383783180115,0.0876641984774452,0.14453166718175645,-0.5655369100060521,1.2830808756383187,5.068931833658384,0.0006199850234133232,7.6089211350018635
9,2014-02-04,8.22624162997061,1.862326975164673e-05,0.004298134534606799,0.003303238396100036,0.1696109990101534,0.003220135057306406,0.0062082251567802185,0.0061998934443515666,5.730300260744226e-05,0.010222439961496447,0.005009752276093099,0.021258617439536626,0.08314783501401912,0.5827413131111879,1.7381280822383776,2.3359782795386175,3.2932874471724958,1.5572637741914012e-05,0.6231698974948056
9,2014-02-05,2.0752439018469335,0.0009034449347291693,0.057996771853095826,0.0008016517405251148,0.08435429951273452,0.003420232293914784,0.00023177731013092386,0.0075851295077381435,0.00023212281019581755,0.00708391655443352,0.006068935099344678,0.06419046343988379,0.11146428587717921,3.0915527604748245,0.6856208708862024,-0.8131141795990655,4.0408605138299105,0.0005931802398721432,0.8076132437905797
9,2014-02-06,32.24995026365269,0.0011022208328903065,0.025182117161040376,0.001935698577497705,0.02067543879227341,0.007161536939213077,0.0004824583947529351,0.026265465065015755,0.00930618696093498,0.0051842942652003,0.003882841472152827,0.00616697278713581,0.012895971790627346,2.0503166587304746,-0.40990064384709823,0.30048693170208907,4.697479753194383,9.800575270471536e-05,1.7369981359747688
9,2014-02-07,8.85104725620379,3.253508244777412e-05,0.049960007501140845,0.006592455233728386,0.06357546077157236,0.0032154830965937108,0.006860408246173756,0.019086788700324188,0.0009480067829980919,0.0002940204657619461,0.0004981189806895903,0.002901322465184494,0.0624077763108596,0.032657557300509905,-0.18393769538856586,-1.2265190060134223,4.230048099701737,0.0013739647504813705,2.948302984205643
9,2014-02-08,3.2065813337333178,0.0005051008109610435,0.010419856289558434,0.003186850987038761,0.03140336559533293,0.0030227114659703426,0.000407372988128926,0.0036100239555651482,0.003969479065612849,0.023719801601953448,0.0015004143098910523,0.00492703098348717,0.027381856665075935,0.13327046511018129,-0.5551831344548634,-0.5405593733521654,3.2676917742438607,0.00019872925574878183,1.2196680135219953
9,2014-02-09,6.792374906209645,0.002398010539394278,0.0018100358495011532,0.0023245679763936765,0.01603753159632298,0.0002190691691513516,0.0004025186552505344,0.0033718152288713483,0.0026528069563822435,0.010997690081570168,0.009565333614703162,0.048818710239593326,0.08186136190269726,0.10452202601646697,-1.2813072907008878,1.9966486155118734,3.5643402014290437,0.00017149814369062146,0.6739681963831604
9,2014-02-10,7.920845597122814,0.00024758316152783386,0.0123638165274277,0.002473657811530331,0.10028843801631522,0.0023205443012747004,6.633443002037886e-05,0.0018257391657824854,0.001302588572816956,0.0023770005557650726,0.0009244505376565053,0.023246338184360747,0.057842131122327715,0.9579348631632624,-0.30600616540554215,10.783825226923575,4.968325822917681,6.983306103209612e-05,0.721837575885965
